INSERT INTO USER ("USER_ID","USERNAME","EMAIL", "PASSWORD","ADDRESS","PHONE","ROLE") values(0, 'Diana Bosisenko', 'DianaBosisenko@mail.ru', '12345', 'Donetks region, Kramatorsk,Telmana 52', '042573445', 'ROLE_USER');
INSERT INTO USER ("USER_ID","USERNAME","EMAIL", "PASSWORD","ADDRESS","PHONE","ROLE") values(1, 'Elena Semivolos', 'ElenaSemivolos@mail.ru', '12345', 'Donetks region, Kramatorsk,Dimitrova 49', '023842533', 'ROLE_USER');
INSERT INTO USER ("USER_ID","USERNAME","EMAIL", "PASSWORD","ADDRESS","PHONE","ROLE") values(2, 'Ksenia Rodkovskaya', 'KseniaRodkovskaya@mail.ru', '12345', 'Donetks region, Kramatorsk,Vrachebnaya 80', '054506544', 'ROLE_USER');
INSERT INTO USER ("USER_ID","USERNAME","EMAIL", "PASSWORD","ADDRESS","PHONE","ROLE") values(3, 'Ivan Petrov', 'IvanPetrov@mail.ru', '12345', 'Donetks region, Kramatorsk,Vrachebnaya 170', '006176141', 'ROLE_USER');
INSERT INTO USER ("USER_ID","USERNAME","EMAIL", "PASSWORD","ADDRESS","PHONE","ROLE") values(4, 'Ksenia Rozumovskaya', 'KseniaRozumovskaya@mail.ru', '12345', 'Donetks region, Kramatorsk,Chorsa 69', '004352762', 'ROLE_USER');
INSERT INTO USER ("USER_ID","USERNAME","EMAIL", "PASSWORD","ADDRESS","PHONE","ROLE") values(5, 'Kirill Safonov', 'KirillSafonov@mail.ru', '12345', 'Donetks region, Kramatorsk,Rybinskaya 10', '026430523', 'ROLE_USER');
INSERT INTO USER ("USER_ID","USERNAME","EMAIL", "PASSWORD","ADDRESS","PHONE","ROLE") values(6, 'Daria Verbovetskaya', 'DariaVerbovetskaya@mail.ru', '12345', 'Donetks region, Gorlovka,Pushinkaya 79 /24', '088850415', 'ROLE_USER');
INSERT INTO USER ("USER_ID","USERNAME","EMAIL", "PASSWORD","ADDRESS","PHONE","ROLE") values(7, 'Ksenia Petrofanove', 'KseniaPetrofanove@mail.ru', '12345', 'Donetks region, Gorlovka,Gagaina 23 /20', '035231116', 'ROLE_USER');
INSERT INTO USER ("USER_ID","USERNAME","EMAIL", "PASSWORD","ADDRESS","PHONE","ROLE") values(8, 'Ulia Gamzulina', 'UliaGamzulina@mail.ru', '12345', 'Donetks region, Gorlovka,Kalashnikova 67 /6', '048477643', 'ROLE_USER');
INSERT INTO USER ("USER_ID","USERNAME","EMAIL", "PASSWORD","ADDRESS","PHONE","ROLE") values(9, 'Petr Vasiliev', 'PetrVasiliev@mail.ru', '12345', 'Donetks region, Gorlovka, Rudkovskogo 12', '006016263', 'ROLE_USER');
INSERT INTO USER ("USER_ID","USERNAME","EMAIL", "PASSWORD","ADDRESS","PHONE","ROLE") values(10, 'Ekaterina Gudanove', 'EkaterinaGudanove@mail.ru', '12345', 'Donetks region, Donetsk,Lenina 50', '035231242', 'ROLE_USER');
INSERT INTO USER ("USER_ID","USERNAME","EMAIL", "PASSWORD","ADDRESS","PHONE","ROLE") values(11, 'Olga Gasanove', 'OlgaGasanove@mail.ru', '12345', 'Donetks region, Donetsk,Aviatsionnaya 23', '008423551', 'ROLE_USER');
INSERT INTO USER ("USER_ID","USERNAME","EMAIL", "PASSWORD","ADDRESS","PHONE","ROLE") values(12, 'Evgenia Sirica', 'EvgeniaSirica@mail.ru', '12345', 'Donetks region, Donetks,Tsetkin 23', '057184258', 'ROLE_USER');
INSERT INTO USER ("USER_ID","USERNAME","EMAIL", "PASSWORD","ADDRESS","PHONE","ROLE") values(13, 'Andrey Soloviev', 'AndreySoloviev@mail.ru', '12345', 'Donetks region, Donetsk,Rybachnaya 45', '018058666', 'ROLE_USER');
INSERT INTO USER ("USER_ID","USERNAME","EMAIL", "PASSWORD","ADDRESS","PHONE","ROLE") values(14, 'Igor Sushko', 'IgorSushko@mail.ru', '12345', 'Donetks region, Donetks,proletarskaya 67 /1', '083387201', 'ROLE_USER');
INSERT INTO USER ("USER_ID","USERNAME","EMAIL", "PASSWORD","ADDRESS","PHONE","ROLE") values(15, 'Sergey Shnurov', 'SergeyShnurov@mail.ru', '12345', 'Luganks region, Rovenki,Petra Pervogo 1', '024671157', 'ROLE_USER');
INSERT INTO USER ("USER_ID","USERNAME","EMAIL", "PASSWORD","ADDRESS","PHONE","ROLE") values(16, 'Sergey Shayko', 'SergeyShayko@mail.ru', '12345', 'Luganks region, Rovenki,Luganskaya 67', '025667482', 'ROLE_USER');
INSERT INTO USER ("USER_ID","USERNAME","EMAIL", "PASSWORD","ADDRESS","PHONE","ROLE") values(17, 'Lilia Aupova', 'LiliaAupova@mail.ru', '12345', 'Luganks region, Rovenki,Lavrovaya 4', '078513042', 'ROLE_USER');
INSERT INTO USER ("USER_ID","USERNAME","EMAIL", "PASSWORD","ADDRESS","PHONE","ROLE") values(18, 'Ulia Safronova', 'UliaSafronova@mail.ru', '12345', 'Luganks region, Rovenki,Dzetginskaya 32', '075083567', 'ROLE_USER');
INSERT INTO USER ("USER_ID","USERNAME","EMAIL", "PASSWORD","ADDRESS","PHONE","ROLE") values(19, 'Maria Ostapenko', 'MariaOstapenko@mail.ru', '12345', 'Luganks region, Rovenki,Lopatina 64 /1', '036740441', 'ROLE_USER');
INSERT INTO USER ("USER_ID","USERNAME","EMAIL", "PASSWORD","ADDRESS","PHONE","ROLE") values(20, 'Oleksandr Grigoriev', 'OleksandrGrigoriev@mail.ru', '12345', 'Luganks region, Luhanks,Verevki 67', '010357807', 'ROLE_USER');
INSERT INTO USER ("USER_ID","USERNAME","EMAIL", "PASSWORD","ADDRESS","PHONE","ROLE") values(21, 'Karina Glushenko', 'KarinaGlushenko@mail.ru', '12345', 'Luganks region, Luhanks,Nekrosova 78', '047062060', 'ROLE_USER');
INSERT INTO USER ("USER_ID","USERNAME","EMAIL", "PASSWORD","ADDRESS","PHONE","ROLE") values(22, 'Oleg Veniaminiv', 'OlegVeniaminiv@mail.ru', '12345', 'Luganks region, Luhanks,Ryazanskaya 68', '016200263', 'ROLE_USER');
INSERT INTO USER ("USER_ID","USERNAME","EMAIL", "PASSWORD","ADDRESS","PHONE","ROLE") values(23, 'Irina Khatsko', 'IrinaKhatsko@mail.ru', '12345', 'Luganks region, Luhanks,Rostovskaya 45 /1', '000184117', 'ROLE_USER');
INSERT INTO USER ("USER_ID","USERNAME","EMAIL", "PASSWORD","ADDRESS","PHONE","ROLE") values(24, 'Vladislav Galkin', 'VladislavGalkin@mail.ru', '12345', 'Luganks region, Luhanks,Lihacheva 56', '067808703', 'ROLE_USER');
INSERT INTO USER ("USER_ID","USERNAME","EMAIL", "PASSWORD","ADDRESS","PHONE","ROLE") values(25, 'Aliya Usupova', 'AliyaUsupova@mail.ru', '12345', 'Luganks region, Luhanks,Pervoho Maya 5', '071534182', 'ROLE_USER');
INSERT INTO USER ("USER_ID","USERNAME","EMAIL", "PASSWORD","ADDRESS","PHONE","ROLE") values(26, 'Gena Nizhnik', 'GenaNizhnik@mail.ru', '12345', 'Zaporigga region, Svetlodar,Zolotaya 45', '073053022', 'ROLE_USER');
INSERT INTO USER ("USER_ID","USERNAME","EMAIL", "PASSWORD","ADDRESS","PHONE","ROLE") values(27, 'Roma Truhanov', 'RomaTruhanov@mail.ru', '12345', 'Zaporigga region, Svetlodar,Lybomirova 1', '040846462', 'ROLE_USER');
INSERT INTO USER ("USER_ID","USERNAME","EMAIL", "PASSWORD","ADDRESS","PHONE","ROLE") values(28, 'Rita Ponomarenko', 'RitaPonomarenko@mail.ru', '12345', 'Zaporigga region, Svetlodar,Krasnoy Zvezdy 56', '080606707', 'ROLE_USER');
INSERT INTO USER ("USER_ID","USERNAME","EMAIL", "PASSWORD","ADDRESS","PHONE","ROLE") values(29, 'Georgiy Nash', 'GeorgiyNash@mail.ru', '12345', 'Zaporigga region, Svetlodar,Lagutina 1', '016358630', 'ROLE_USER');
INSERT INTO USER ("USER_ID","USERNAME","EMAIL", "PASSWORD","ADDRESS","PHONE","ROLE") values(30, 'Helen Petrenko', 'HelenPetrenko@mail.ru', '12345', 'Zaporigga region, Svetlodar,Radkovskaya 56', '088870661', 'ROLE_USER');
INSERT INTO USER ("USER_ID","USERNAME","EMAIL", "PASSWORD","ADDRESS","PHONE","ROLE") values(31, 'Ludmila Antonova', 'LudmilaAntonova@mail.ru', '12345', 'Poltava region,Poltava,Kotlarevskogo 56', '067682030', 'ROLE_USER');
INSERT INTO USER ("USER_ID","USERNAME","EMAIL", "PASSWORD","ADDRESS","PHONE","ROLE") values(32, 'Anastasiya Zubenko', 'AnastasiyaZubenko@mail.ru', '12345', 'Poltava region,Poltava,Korolyova 1', '011023171', 'ROLE_USER');
INSERT INTO USER ("USER_ID","USERNAME","EMAIL", "PASSWORD","ADDRESS","PHONE","ROLE") values(33, 'Uriy Shpak', 'UriyShpak@mail.ru', '12345', 'Poltava region,Poltava,Shevchenko 87 /1', '017778568', 'ROLE_USER');
INSERT INTO USER ("USER_ID","USERNAME","EMAIL", "PASSWORD","ADDRESS","PHONE","ROLE") values(34, 'Veniamin Petrov', 'VeniaminPetrov@mail.ru', '12345', 'Poltava region,Poltava,Heroev Truda 40', '015837071', 'ROLE_USER');
INSERT INTO USER ("USER_ID","USERNAME","EMAIL", "PASSWORD","ADDRESS","PHONE","ROLE") values(35, 'Ksinia Zagarskaya', 'KsiniaZagarskaya@mail.ru', '12345', 'Poltava region,Poltava, Chukotskaya 56', '074736430', 'ROLE_USER');
INSERT INTO USER ("USER_ID","USERNAME","EMAIL", "PASSWORD","ADDRESS","PHONE","ROLE") values(36, 'Oleg Pesec', 'OlegPesec@mail.ru', '12345', 'Poltava region,Poltava, Khmelnitskogo 67 /1', '042430067', 'ROLE_USER');
INSERT INTO USER ("USER_ID","USERNAME","EMAIL", "PASSWORD","ADDRESS","PHONE","ROLE") values(37, 'Kirill Shumov', 'KirillShumov@mail.ru', '12345', 'Kiev region, Kiev,Vishnevetskogo 76 /78', '018881586', 'ROLE_USER');
INSERT INTO USER ("USER_ID","USERNAME","EMAIL", "PASSWORD","ADDRESS","PHONE","ROLE") values(38, 'Kira Diachenko', 'KiraDiachenko@mail.ru', '12345', 'Kiev region, Kiev,Latviyskaya 67', '074647608', 'ROLE_USER');
INSERT INTO USER ("USER_ID","USERNAME","EMAIL", "PASSWORD","ADDRESS","PHONE","ROLE") values(39, 'Victor Semenovich', 'VictorSemenovich@mail.ru', '12345', 'Kiev region, Kiev,Moskovskaya 567', '005804716', 'ROLE_USER');
INSERT INTO USER ("USER_ID","USERNAME","EMAIL", "PASSWORD","ADDRESS","PHONE","ROLE") values(40, 'Kulikov Bigdan', 'KulikovBigdan@mail.ru', '12345', 'Kiev region, Kiev,Maltseva 67', '065652320', 'ROLE_USER');
INSERT INTO USER ("USER_ID","USERNAME","EMAIL", "PASSWORD","ADDRESS","PHONE","ROLE") values(41, 'Petro Panamarenko', 'PetroPanamarenko@mail.ru', '12345', 'Kiev region, Kiev,Yevtsova 67', '082602753', 'ROLE_USER');
INSERT INTO CLIENT_ORDER ("ORDER_ID","RECIPIENT_NAME","RECIPIENT_PHONE", "RECIPIENT_ADDRESS","LAT","LNG","STATUS","PAYMENT_CODE","PRODUCT_NAME", "USER_ID", "ORDER_PRICE") values(1, 'Ksinia Zagarskaya', '058522378', 'st. Danilevsky 39',50.004565,36.220202,'IN WAREHOUS', 'cdd7b011-77b8-4619-921e-9915f8201a18', 'Notebook', 24,0);
INSERT INTO CLIENT_ORDER ("ORDER_ID","RECIPIENT_NAME","RECIPIENT_PHONE", "RECIPIENT_ADDRESS","LAT","LNG","STATUS","PAYMENT_CODE","PRODUCT_NAME", "USER_ID", "ORDER_PRICE") values(2, 'Petro Panamarenko', '086738783', 'trans. Sparrow 10',49.992592,36.235544,'IN WAREHOUS', '5c94a5b6-7295-40a4-8022-5ab04fc52cfb', 'Rain coat', 33,0);
INSERT INTO CLIENT_ORDER ("ORDER_ID","RECIPIENT_NAME","RECIPIENT_PHONE", "RECIPIENT_ADDRESS","LAT","LNG","STATUS","PAYMENT_CODE","PRODUCT_NAME", "USER_ID", "ORDER_PRICE") values(3, 'Anastasiya Zubenko', '030335043', 'st. Pushkin 34',49.996372,36.23902,'IN WAREHOUS', '0acb183d-b5f8-4e12-a6f2-89611ce9240e', ' Documents', 14,0);
INSERT INTO CLIENT_ORDER ("ORDER_ID","RECIPIENT_NAME","RECIPIENT_PHONE", "RECIPIENT_ADDRESS","LAT","LNG","STATUS","PAYMENT_CODE","PRODUCT_NAME", "USER_ID", "ORDER_PRICE") values(4, 'Lilia Aupova', '050564702', 'st. Trufanova 10',50.003075,36.260113,'IN WAREHOUS', 'e5c58511-1d26-405f-91c0-b15d0f92dc76', ' Documents', 37,0);
INSERT INTO CLIENT_ORDER ("ORDER_ID","RECIPIENT_NAME","RECIPIENT_PHONE", "RECIPIENT_ADDRESS","LAT","LNG","STATUS","PAYMENT_CODE","PRODUCT_NAME", "USER_ID", "ORDER_PRICE") values(5, 'Kirill Shumov', '014463257', 'Sukhumi street. 5',50.007102,36.21634,'IN WAREHOUS', 'e39cfa5f-b451-4b7d-b003-6bd1288bfb9b', 'Post', 4,0);
INSERT INTO CLIENT_ORDER ("ORDER_ID","RECIPIENT_NAME","RECIPIENT_PHONE", "RECIPIENT_ADDRESS","LAT","LNG","STATUS","PAYMENT_CODE","PRODUCT_NAME", "USER_ID", "ORDER_PRICE") values(6, 'Igor Sushko', '025661163', 'Barnaul street. 11',50.009254,36.267666,'IN WAREHOUS', '3f347e4d-1f64-463d-aee7-273023b059b4', 'Bag', 4,0);
INSERT INTO CLIENT_ORDER ("ORDER_ID","RECIPIENT_NAME","RECIPIENT_PHONE", "RECIPIENT_ADDRESS","LAT","LNG","STATUS","PAYMENT_CODE","PRODUCT_NAME", "USER_ID", "ORDER_PRICE") values(7, 'Veniamin Petrov', '052734533', 'Beezivskyy entry 14',50.017858,36.269383,'IN WAREHOUS', 'c4c508d5-b7b2-45d7-924e-1a8e360f2f33', 'Condicioner', 35,0);
INSERT INTO CLIENT_ORDER ("ORDER_ID","RECIPIENT_NAME","RECIPIENT_PHONE", "RECIPIENT_ADDRESS","LAT","LNG","STATUS","PAYMENT_CODE","PRODUCT_NAME", "USER_ID", "ORDER_PRICE") values(8, 'Ksenia Rozumovskaya', '017588680', 'st. Kotsyubinskogo 13',50.01692,36.217627,'IN WAREHOUS', 'e29be59c-f7ae-46ad-8166-910c3f4b2625', 'Shirt', 35,0);
INSERT INTO CLIENT_ORDER ("ORDER_ID","RECIPIENT_NAME","RECIPIENT_PHONE", "RECIPIENT_ADDRESS","LAT","LNG","STATUS","PAYMENT_CODE","PRODUCT_NAME", "USER_ID", "ORDER_PRICE") values(9, 'Ulia Safronova', '081474801', 'Sochi Street. 82',50.007157,36.172394,'IN WAREHOUS', '2c34c84b-d88b-4ece-b182-8c1f017a4ef6', 'Rain coat', 10,0);
INSERT INTO CLIENT_ORDER ("ORDER_ID","RECIPIENT_NAME","RECIPIENT_PHONE", "RECIPIENT_ADDRESS","LAT","LNG","STATUS","PAYMENT_CODE","PRODUCT_NAME", "USER_ID", "ORDER_PRICE") values(10, 'Andrey Soloviev', '052801124', 'Embossed Street. 4',50.00975,36.175141,'IN WAREHOUS', '14bdb44f-91c3-4bbf-a297-bb77bf6fabc0', 'Cell Phone', 33,0);
INSERT INTO CLIENT_ORDER ("ORDER_ID","RECIPIENT_NAME","RECIPIENT_PHONE", "RECIPIENT_ADDRESS","LAT","LNG","STATUS","PAYMENT_CODE","PRODUCT_NAME", "USER_ID", "ORDER_PRICE") values(11, 'Rita Ponomarenko', '077127117', 'Varshavsky lane. 16',49.993034,36.172051,'IN WAREHOUS', 'a61b6c04-fcbb-43c6-b10f-e40d402e2734', 'Shirt', 26,0);
INSERT INTO CLIENT_ORDER ("ORDER_ID","RECIPIENT_NAME","RECIPIENT_PHONE", "RECIPIENT_ADDRESS","LAT","LNG","STATUS","PAYMENT_CODE","PRODUCT_NAME", "USER_ID", "ORDER_PRICE") values(12, 'Oleg Veniaminiv', '035351381', 'Planned street. 58',49.969963,36.190676,'IN WAREHOUS', '21da7408-24a9-4d82-b18a-784a6579672f', 'Cell Phone', 6,0);
INSERT INTO CLIENT_ORDER ("ORDER_ID","RECIPIENT_NAME","RECIPIENT_PHONE", "RECIPIENT_ADDRESS","LAT","LNG","STATUS","PAYMENT_CODE","PRODUCT_NAME", "USER_ID", "ORDER_PRICE") values(13, 'Ulia Safronova', '078548148', 'Kiev street. 10',49.973717,36.227927,'IN WAREHOUS', '1dda079b-352b-47ea-ae7c-89dde204ef8f', 'Post', 6,0);
INSERT INTO CLIENT_ORDER ("ORDER_ID","RECIPIENT_NAME","RECIPIENT_PHONE", "RECIPIENT_ADDRESS","LAT","LNG","STATUS","PAYMENT_CODE","PRODUCT_NAME", "USER_ID", "ORDER_PRICE") values(14, 'Gena Nizhnik', '071818231', 'st. 1st Cavalry 11',49.975097,36.247668,'IN WAREHOUS', '83ea7ad9-236d-4b36-bfa4-e4df29b057a7', 'Notebook', 24,0);
INSERT INTO CLIENT_ORDER ("ORDER_ID","RECIPIENT_NAME","RECIPIENT_PHONE", "RECIPIENT_ADDRESS","LAT","LNG","STATUS","PAYMENT_CODE","PRODUCT_NAME", "USER_ID", "ORDER_PRICE") values(15, 'Lilia Aupova', '001036440', 'st. Young Guard 3',49.975815,36.268525,'IN WAREHOUS', 'aa3f7487-1a10-4845-88a8-b145ccee15cb', 'Boots', 30,0);
INSERT INTO CLIENT_ORDER ("ORDER_ID","RECIPIENT_NAME","RECIPIENT_PHONE", "RECIPIENT_ADDRESS","LAT","LNG","STATUS","PAYMENT_CODE","PRODUCT_NAME", "USER_ID", "ORDER_PRICE") values(16, 'Ludmila Antonova', '066012416', 'ave. fame 3',49.983542,36.154713,'IN WAREHOUS', 'c0256823-8ad3-4c5f-9875-e7ac1448809d', 'Post', 32,0);
INSERT INTO CLIENT_ORDER ("ORDER_ID","RECIPIENT_NAME","RECIPIENT_PHONE", "RECIPIENT_ADDRESS","LAT","LNG","STATUS","PAYMENT_CODE","PRODUCT_NAME", "USER_ID", "ORDER_PRICE") values(17, 'Anastasiya Zubenko', '022126844', 'Camp Street. 17',49.991268,36.147675,'IN WAREHOUS', '7775dd98-9aad-454e-8830-e63301da1547', 'Cell Phone', 39,0);
INSERT INTO CLIENT_ORDER ("ORDER_ID","RECIPIENT_NAME","RECIPIENT_PHONE", "RECIPIENT_ADDRESS","LAT","LNG","STATUS","PAYMENT_CODE","PRODUCT_NAME", "USER_ID", "ORDER_PRICE") values(18, 'Rita Ponomarenko', '053632730', 'st. Heroes of Labor 12Б',50.02398,36.329338,'IN WAREHOUS', '54ff2fd8-2d9a-49d0-b758-04fd9f2c4807', ' Documents', 3,0);
INSERT INTO CLIENT_ORDER ("ORDER_ID","RECIPIENT_NAME","RECIPIENT_PHONE", "RECIPIENT_ADDRESS","LAT","LNG","STATUS","PAYMENT_CODE","PRODUCT_NAME", "USER_ID", "ORDER_PRICE") values(19, 'Ksinia Zagarskaya', '076021875', 'st. Heroes of Labor 32Б',50.020395,36.340582,'IN WAREHOUS', 'e4c448e8-c8b4-432c-8bfe-9ff50eb9930a', ' IPad', 17,0);
INSERT INTO CLIENT_ORDER ("ORDER_ID","RECIPIENT_NAME","RECIPIENT_PHONE", "RECIPIENT_ADDRESS","LAT","LNG","STATUS","PAYMENT_CODE","PRODUCT_NAME", "USER_ID", "ORDER_PRICE") values(20, 'Sergey Shayko', '011482860', 'st. Guardsmen-Shyronintsiv 50Б',50.023759,36.352856,'IN WAREHOUS', '34982df9-8914-474b-9e53-aeeb5184ca33', ' IPad', 15,0);
INSERT INTO CLIENT_ORDER ("ORDER_ID","RECIPIENT_NAME","RECIPIENT_PHONE", "RECIPIENT_ADDRESS","LAT","LNG","STATUS","PAYMENT_CODE","PRODUCT_NAME", "USER_ID", "ORDER_PRICE") values(21, 'Irina Khatsko', '046418641', 'ave. Tractorobudivnikiv 103Г',50.023428,36.35955,'IN WAREHOUS', 'a3296549-53d4-428e-9364-d5ce27deab7c', 'Boots', 9,0);
INSERT INTO CLIENT_ORDER ("ORDER_ID","RECIPIENT_NAME","RECIPIENT_PHONE", "RECIPIENT_ADDRESS","LAT","LNG","STATUS","PAYMENT_CODE","PRODUCT_NAME", "USER_ID", "ORDER_PRICE") values(22, 'Aliya Usupova', '032437645', 'st. Blucher 22Б',50.013738,36.335001,'IN WAREHOUS', 'c61e0eef-aebc-4203-9c54-51f4e0250b8f', 'Boots', 37,0);
INSERT INTO CLIENT_ORDER ("ORDER_ID","RECIPIENT_NAME","RECIPIENT_PHONE", "RECIPIENT_ADDRESS","LAT","LNG","STATUS","PAYMENT_CODE","PRODUCT_NAME", "USER_ID", "ORDER_PRICE") values(23, 'Petr Vasiliev', '087447416', 'ave. Tractorobudivnikiv 118Б',50.001768,36.345386,'IN WAREHOUS', 'd1614e91-684d-4331-ac9f-8bfbbfca7494', 'Notebook', 38,0);
INSERT INTO CLIENT_ORDER ("ORDER_ID","RECIPIENT_NAME","RECIPIENT_PHONE", "RECIPIENT_ADDRESS","LAT","LNG","STATUS","PAYMENT_CODE","PRODUCT_NAME", "USER_ID", "ORDER_PRICE") values(24, 'Oleg Pesec', '012315484', 'st. Guardsmen-Shyronintsiv 42Б',50.015999,36.347189,'IN WAREHOUS', 'a4330842-7a3e-4602-ac08-a3c01323a32b', 'Shirt', 3,0);
INSERT INTO CLIENT_ORDER ("ORDER_ID","RECIPIENT_NAME","RECIPIENT_PHONE", "RECIPIENT_ADDRESS","LAT","LNG","STATUS","PAYMENT_CODE","PRODUCT_NAME", "USER_ID", "ORDER_PRICE") values(25, 'Roma Truhanov', '044087523', 'st. Timurovtsev 56/13',49.999892,36.352253,'IN WAREHOUS', '904d5802-318f-464f-8f20-f44b1b7a50ba', 'T-Shirt', 19,0);
INSERT INTO CLIENT_ORDER ("ORDER_ID","RECIPIENT_NAME","RECIPIENT_PHONE", "RECIPIENT_ADDRESS","LAT","LNG","STATUS","PAYMENT_CODE","PRODUCT_NAME", "USER_ID", "ORDER_PRICE") values(26, 'Sergey Shayko', '027431630', 'st. Heroes of Labor 47Е',50.017819,36.367788,'IN WAREHOUS', 'b69094e4-b187-4556-a6c1-78a8656bb3b9', 'Shirt', 16,0);
INSERT INTO CLIENT_ORDER ("ORDER_ID","RECIPIENT_NAME","RECIPIENT_PHONE", "RECIPIENT_ADDRESS","LAT","LNG","STATUS","PAYMENT_CODE","PRODUCT_NAME", "USER_ID", "ORDER_PRICE") values(27, 'Karina Glushenko', '032134021', 'Novooleksandrivske street. 93',50.015448,36.281099,'IN WAREHOUS', '415675b5-5967-477e-818b-84db0bac40a3', 'Rain coat', 1,0);
INSERT INTO CLIENT_ORDER ("ORDER_ID","RECIPIENT_NAME","RECIPIENT_PHONE", "RECIPIENT_ADDRESS","LAT","LNG","STATUS","PAYMENT_CODE","PRODUCT_NAME", "USER_ID", "ORDER_PRICE") values(28, 'Ksenia Petrofanove', '022311047', 'st. Chkalov 17',50.042686,36.284876,'IN WAREHOUS', '45feb6e5-c03f-45c1-aa6a-efab3c955f56', 'Cell Phone', 7,0);
INSERT INTO CLIENT_ORDER ("ORDER_ID","RECIPIENT_NAME","RECIPIENT_PHONE", "RECIPIENT_ADDRESS","LAT","LNG","STATUS","PAYMENT_CODE","PRODUCT_NAME", "USER_ID", "ORDER_PRICE") values(29, 'Veniamin Petrov', '082607016', 'st. Starov 103',50.033204,36.302299,'IN WAREHOUS', 'efb138f6-0715-4316-8658-0cb53f6e2398', 'T-Shirt', 16,0);
INSERT INTO CLIENT_ORDER ("ORDER_ID","RECIPIENT_NAME","RECIPIENT_PHONE", "RECIPIENT_ADDRESS","LAT","LNG","STATUS","PAYMENT_CODE","PRODUCT_NAME", "USER_ID", "ORDER_PRICE") values(30, 'Rita Ponomarenko', '022858523', '2nd Lisoparkivskyy lane. 13',50.037394,36.284275,'IN WAREHOUS', '684be81e-ab08-40b3-a671-f111d862234f', 'Shirt', 17,0);
INSERT INTO CLIENT_ORDER ("ORDER_ID","RECIPIENT_NAME","RECIPIENT_PHONE", "RECIPIENT_ADDRESS","LAT","LNG","STATUS","PAYMENT_CODE","PRODUCT_NAME", "USER_ID", "ORDER_PRICE") values(31, 'Uriy Shpak', '008842338', 'Sapper street. 31',50.02973,36.299038,'IN WAREHOUS', 'b3ffb412-10ff-417b-b83a-d22d0414db7d', 'Rain coat', 17,0);
INSERT INTO CLIENT_ORDER ("ORDER_ID","RECIPIENT_NAME","RECIPIENT_PHONE", "RECIPIENT_ADDRESS","LAT","LNG","STATUS","PAYMENT_CODE","PRODUCT_NAME", "USER_ID", "ORDER_PRICE") values(32, 'Gena Nizhnik', '032471713', 'st. Grizodubova 57г',50.056933,36.310711,'IN WAREHOUS', 'de0b70b3-7313-4113-8671-575d91828cf2', 'Bag', 41,0);
INSERT INTO CLIENT_ORDER ("ORDER_ID","RECIPIENT_NAME","RECIPIENT_PHONE", "RECIPIENT_ADDRESS","LAT","LNG","STATUS","PAYMENT_CODE","PRODUCT_NAME", "USER_ID", "ORDER_PRICE") values(33, 'Roma Truhanov', '073783825', 'st. Tevelev 37',50.000526,36.319809,'IN WAREHOUS', 'a5b9f395-bc3f-4ce7-bec7-be57e518cf25', 'Bag', 3,0);
INSERT INTO CLIENT_ORDER ("ORDER_ID","RECIPIENT_NAME","RECIPIENT_PHONE", "RECIPIENT_ADDRESS","LAT","LNG","STATUS","PAYMENT_CODE","PRODUCT_NAME", "USER_ID", "ORDER_PRICE") values(34, 'Uriy Shpak', '077050113', 'ave. Tractorobudivnikiv 77А',50.002844,36.336288,'IN WAREHOUS', 'dbca7b2b-dd14-457d-9d2b-aace363914e2', 'Condicioner', 37,0);
INSERT INTO CLIENT_ORDER ("ORDER_ID","RECIPIENT_NAME","RECIPIENT_PHONE", "RECIPIENT_ADDRESS","LAT","LNG","STATUS","PAYMENT_CODE","PRODUCT_NAME", "USER_ID", "ORDER_PRICE") values(35, 'Uriy Shpak', '006601841', 'Army Street. 76',50.046572,36.200332,'IN WAREHOUS', '0e82d3fe-18cb-4f1e-90b4-cce5cb5833f3', 'Bycicle', 34,0);
INSERT INTO CLIENT_ORDER ("ORDER_ID","RECIPIENT_NAME","RECIPIENT_PHONE", "RECIPIENT_ADDRESS","LAT","LNG","STATUS","PAYMENT_CODE","PRODUCT_NAME", "USER_ID", "ORDER_PRICE") values(36, 'Ksenia Rozumovskaya', '012523234', 'Tsilynohradska street. 44',50.048115,36.203079,'IN WAREHOUS', '327eec6d-2878-4b1a-89fc-1384a5418cb8', 'Parfumes', 31,0);
INSERT INTO CLIENT_ORDER ("ORDER_ID","RECIPIENT_NAME","RECIPIENT_PHONE", "RECIPIENT_ADDRESS","LAT","LNG","STATUS","PAYMENT_CODE","PRODUCT_NAME", "USER_ID", "ORDER_PRICE") values(37, 'Roma Truhanov', '045274024', 'Chervonozirska street. 5',50.04139,36.197586,'IN WAREHOUS', 'ed9afbb8-3f2b-4f57-8f7d-3f08ba32b013', 'Shirt', 16,0);
INSERT INTO CLIENT_ORDER ("ORDER_ID","RECIPIENT_NAME","RECIPIENT_PHONE", "RECIPIENT_ADDRESS","LAT","LNG","STATUS","PAYMENT_CODE","PRODUCT_NAME", "USER_ID", "ORDER_PRICE") values(38, 'Elena Semivolos', '087370236', 'ave. Victory 62Е',50.060129,36.206941,'IN WAREHOUS', 'b1446abc-20bb-4fc3-b1d8-cf7e9aba4418', 'Bycicle', 36,0);
INSERT INTO CLIENT_ORDER ("ORDER_ID","RECIPIENT_NAME","RECIPIENT_PHONE", "RECIPIENT_ADDRESS","LAT","LNG","STATUS","PAYMENT_CODE","PRODUCT_NAME", "USER_ID", "ORDER_PRICE") values(39, 'Oleg Pesec', '088017038', 'ave. Ludwig Freedom 53',50.059082,36.196384,'IN WAREHOUS', '372f6f9e-0037-47c6-aeac-04477d66c58f', ' IPad', 34,0);
INSERT INTO CLIENT_ORDER ("ORDER_ID","RECIPIENT_NAME","RECIPIENT_PHONE", "RECIPIENT_ADDRESS","LAT","LNG","STATUS","PAYMENT_CODE","PRODUCT_NAME", "USER_ID", "ORDER_PRICE") values(40, 'Kirill Shumov', '061183711', 'ave. Victory 72В',50.063269,36.20986,'IN WAREHOUS', '4b73cedc-4232-40e9-a83b-1eafb819b5b8', 'Notebook', 37,0);
INSERT INTO CLIENT_ORDER ("ORDER_ID","RECIPIENT_NAME","RECIPIENT_PHONE", "RECIPIENT_ADDRESS","LAT","LNG","STATUS","PAYMENT_CODE","PRODUCT_NAME", "USER_ID", "ORDER_PRICE") values(41, 'Ludmila Antonova', '001365084', 'ave. Victory 66Б',50.059963,36.209259,'IN WAREHOUS', '02b91f41-ba94-48d7-a803-58b0f04ea57e', 'Rain coat', 15,0);
INSERT INTO CLIENT_ORDER ("ORDER_ID","RECIPIENT_NAME","RECIPIENT_PHONE", "RECIPIENT_ADDRESS","LAT","LNG","STATUS","PAYMENT_CODE","PRODUCT_NAME", "USER_ID", "ORDER_PRICE") values(42, 'Ivan Petrov', '070308763', 'Kuznetsk street. 30',50.035602,36.209087,'IN WAREHOUS', 'bb9d643b-af6d-4e14-b760-1326a7b6d932', 'Cell Phone', 16,0);
INSERT INTO CLIENT_ORDER ("ORDER_ID","RECIPIENT_NAME","RECIPIENT_PHONE", "RECIPIENT_ADDRESS","LAT","LNG","STATUS","PAYMENT_CODE","PRODUCT_NAME", "USER_ID", "ORDER_PRICE") values(43, 'Oleksandr Grigoriev', '031872318', 'Project Street. 16',49.973728,36.338261,'IN WAREHOUS', 'f3596646-fabb-4b81-a02d-83de661bbde5', 'Parfumes', 6,0);
INSERT INTO CLIENT_ORDER ("ORDER_ID","RECIPIENT_NAME","RECIPIENT_PHONE", "RECIPIENT_ADDRESS","LAT","LNG","STATUS","PAYMENT_CODE","PRODUCT_NAME", "USER_ID", "ORDER_PRICE") values(44, 'Georgiy Nash', '045014361', 'Oil Street. 11',49.967324,36.339291,'IN WAREHOUS', '2f2fb8c3-7366-4493-8a58-7f2caf6ef0b6', 'Notebook', 30,0);
INSERT INTO CLIENT_ORDER ("ORDER_ID","RECIPIENT_NAME","RECIPIENT_PHONE", "RECIPIENT_ADDRESS","LAT","LNG","STATUS","PAYMENT_CODE","PRODUCT_NAME", "USER_ID", "ORDER_PRICE") values(45, 'Kirill Shumov', '084366303', 'Apple street. 3',49.966109,36.340149,'IN WAREHOUS', '5f5d8140-aa71-458a-825a-3a087239ad79', 'Condicioner', 20,0);
INSERT INTO CLIENT_ORDER ("ORDER_ID","RECIPIENT_NAME","RECIPIENT_PHONE", "RECIPIENT_ADDRESS","LAT","LNG","STATUS","PAYMENT_CODE","PRODUCT_NAME", "USER_ID", "ORDER_PRICE") values(46, 'Diana Bosisenko', '001154186', 'st. Tankopiya 11-2',49.957165,36.320923,'IN WAREHOUS', '2ff558e7-9abb-44ac-8712-7b86c916b45b', 'Bag', 5,0);
INSERT INTO CLIENT_ORDER ("ORDER_ID","RECIPIENT_NAME","RECIPIENT_PHONE", "RECIPIENT_ADDRESS","LAT","LNG","STATUS","PAYMENT_CODE","PRODUCT_NAME", "USER_ID", "ORDER_PRICE") values(47, 'Olga Gasanove', '006327163', 'st. fisherman 8',49.957275,36.334484,'IN WAREHOUS', '9f5b78fc-ade0-4ca0-97a8-e90e3f74d1a9', 'Parfumes', 20,0);
INSERT INTO CLIENT_ORDER ("ORDER_ID","RECIPIENT_NAME","RECIPIENT_PHONE", "RECIPIENT_ADDRESS","LAT","LNG","STATUS","PAYMENT_CODE","PRODUCT_NAME", "USER_ID", "ORDER_PRICE") values(48, 'Irina Khatsko', '077087318', 'bul. Bohdan Khmelnytsky 11',49.951753,36.347616,'IN WAREHOUS', '59ab442b-e308-45cd-b356-291ff3798092', 'Bag', 27,0);
INSERT INTO CLIENT_ORDER ("ORDER_ID","RECIPIENT_NAME","RECIPIENT_PHONE", "RECIPIENT_ADDRESS","LAT","LNG","STATUS","PAYMENT_CODE","PRODUCT_NAME", "USER_ID", "ORDER_PRICE") values(49, 'Lilia Aupova', '080665055', 'bul. Bohdan Khmelnytsky 10',49.956668,36.350191,'IN WAREHOUS', 'a87c35d7-224a-483b-97ac-ca2fec6d20e7', 'Notebook', 31,0);
INSERT INTO CLIENT_ORDER ("ORDER_ID","RECIPIENT_NAME","RECIPIENT_PHONE", "RECIPIENT_ADDRESS","LAT","LNG","STATUS","PAYMENT_CODE","PRODUCT_NAME", "USER_ID", "ORDER_PRICE") values(50, 'Andrey Soloviev', '073682616', 'Piatigorsky lane. 5',49.954017,36.352079,'IN WAREHOUS', 'baac3b6f-cd8b-4ee1-84fd-062168495382', 'Condicioner', 10,0);
INSERT INTO CLIENT_ORDER ("ORDER_ID","RECIPIENT_NAME","RECIPIENT_PHONE", "RECIPIENT_ADDRESS","LAT","LNG","STATUS","PAYMENT_CODE","PRODUCT_NAME", "USER_ID", "ORDER_PRICE") values(51, 'Gena Nizhnik', '077224836', 'Alpine street. 12',49.973885,36.358886,'IN WAREHOUS', '344f6798-20a4-4996-bda5-20526dce5e9e', 'Cell Phone', 6,0);
INSERT INTO CLIENT_ORDER ("ORDER_ID","RECIPIENT_NAME","RECIPIENT_PHONE", "RECIPIENT_ADDRESS","LAT","LNG","STATUS","PAYMENT_CODE","PRODUCT_NAME", "USER_ID", "ORDER_PRICE") values(52, 'Ekaterina Gudanove', '065722448', 'Saltovskoe w. 250А',49.986689,36.355281,'IN WAREHOUS', '1932e53d-0dc7-4d76-a725-10a4b8d984d5', 'Boots', 14,0);
INSERT INTO CLIENT_ORDER ("ORDER_ID","RECIPIENT_NAME","RECIPIENT_PHONE", "RECIPIENT_ADDRESS","LAT","LNG","STATUS","PAYMENT_CODE","PRODUCT_NAME", "USER_ID", "ORDER_PRICE") values(53, 'Roma Truhanov', '072680520', 'Garden Avenue. 18А',49.948044,36.307388,'IN WAREHOUS', 'e78b94aa-2b41-4ace-91f2-d6b326be28aa', 'Bycicle', 28,0);
INSERT INTO CLIENT_ORDER ("ORDER_ID","RECIPIENT_NAME","RECIPIENT_PHONE", "RECIPIENT_ADDRESS","LAT","LNG","STATUS","PAYMENT_CODE","PRODUCT_NAME", "USER_ID", "ORDER_PRICE") values(54, 'Oleg Veniaminiv', '008035776', 'st. Kostychev 13Б',49.948762,36.274772,'IN WAREHOUS', '02d11adc-e358-4468-834e-580e4f742581', 'T-Shirt', 3,0);
INSERT INTO CLIENT_ORDER ("ORDER_ID","RECIPIENT_NAME","RECIPIENT_PHONE", "RECIPIENT_ADDRESS","LAT","LNG","STATUS","PAYMENT_CODE","PRODUCT_NAME", "USER_ID", "ORDER_PRICE") values(55, 'Victor Semenovich', '018354284', 'Holmogorski street. 35',49.942741,36.290737,'IN WAREHOUS', 'fb988a47-1f72-4a75-a590-deff9e69c516', ' Documents', 31,0);
INSERT INTO CLIENT_ORDER ("ORDER_ID","RECIPIENT_NAME","RECIPIENT_PHONE", "RECIPIENT_ADDRESS","LAT","LNG","STATUS","PAYMENT_CODE","PRODUCT_NAME", "USER_ID", "ORDER_PRICE") values(56, 'Ludmila Antonova', '086750877', 'ave. Heroes of Stalingrad 138Б',49.941636,36.304298,'IN WAREHOUS', 'c67a2287-744a-4b15-aadf-7c3bc096ffd8', 'Notebook', 8,0);
INSERT INTO CLIENT_ORDER ("ORDER_ID","RECIPIENT_NAME","RECIPIENT_PHONE", "RECIPIENT_ADDRESS","LAT","LNG","STATUS","PAYMENT_CODE","PRODUCT_NAME", "USER_ID", "ORDER_PRICE") values(57, 'Karina Glushenko', '062766714', 'Guards street. 27',49.940808,36.341119,'IN WAREHOUS', 'e885dfc1-d662-4c42-80ec-c4ac5cd0f710', 'Bycicle', 21,0);
INSERT INTO CLIENT_ORDER ("ORDER_ID","RECIPIENT_NAME","RECIPIENT_PHONE", "RECIPIENT_ADDRESS","LAT","LNG","STATUS","PAYMENT_CODE","PRODUCT_NAME", "USER_ID", "ORDER_PRICE") values(58, 'Diana Bosisenko', '052160716', 'st. Frantisek stolen 35',49.937383,36.369358,'IN WAREHOUS', '08d2e343-d42e-4295-a81c-0f3a21b2fd9e', 'Notebook', 18,0);
INSERT INTO CLIENT_ORDER ("ORDER_ID","RECIPIENT_NAME","RECIPIENT_PHONE", "RECIPIENT_ADDRESS","LAT","LNG","STATUS","PAYMENT_CODE","PRODUCT_NAME", "USER_ID", "ORDER_PRICE") values(59, 'Aliya Usupova', '000202728', 'st. Second Five Year Plan 20/8',49.946055,36.375451,'IN WAREHOUS', '2da58210-b731-46a1-916e-bb0e68d290dc', 'Condicioner', 20,0);
INSERT INTO CLIENT_ORDER ("ORDER_ID","RECIPIENT_NAME","RECIPIENT_PHONE", "RECIPIENT_ADDRESS","LAT","LNG","STATUS","PAYMENT_CODE","PRODUCT_NAME", "USER_ID", "ORDER_PRICE") values(60, 'Ulia Gamzulina', '052558641', 'st. 12 April 4',49.94473,36.388412,'IN WAREHOUS', '3e27e21b-0051-4a55-b0c9-6246f78a715b', 'Post', 13,0);
INSERT INTO CLIENT_ORDER ("ORDER_ID","RECIPIENT_NAME","RECIPIENT_PHONE", "RECIPIENT_ADDRESS","LAT","LNG","STATUS","PAYMENT_CODE","PRODUCT_NAME", "USER_ID", "ORDER_PRICE") values(61, 'Diana Bosisenko', '045455816', 'Mohnachanska street. 4',49.934897,36.398626,'IN WAREHOUS', 'ee96f2cf-6131-42c3-b8dc-8cb13586f181', 'T-Shirt', 35,0);
INSERT INTO CLIENT_ORDER ("ORDER_ID","RECIPIENT_NAME","RECIPIENT_PHONE", "RECIPIENT_ADDRESS","LAT","LNG","STATUS","PAYMENT_CODE","PRODUCT_NAME", "USER_ID", "ORDER_PRICE") values(62, 'Kirill Safonov', '012834007', 'Rohanska street. 13',49.938874,36.403861,'IN WAREHOUS', '835250f9-e003-4849-b14a-d7b6a7eae8a4', 'Parfumes', 13,0);
INSERT INTO CLIENT_ORDER ("ORDER_ID","RECIPIENT_NAME","RECIPIENT_PHONE", "RECIPIENT_ADDRESS","LAT","LNG","STATUS","PAYMENT_CODE","PRODUCT_NAME", "USER_ID", "ORDER_PRICE") values(63, 'Olga Gasanove', '028405124', 'ave. Marshal Zhukov 35А',49.951413,36.316915,'IN WAREHOUS', 'baad94a8-88bf-4fb4-aa2e-2a680276def4', 'Bycicle', 30,0);
INSERT INTO CLIENT_ORDER ("ORDER_ID","RECIPIENT_NAME","RECIPIENT_PHONE", "RECIPIENT_ADDRESS","LAT","LNG","STATUS","PAYMENT_CODE","PRODUCT_NAME", "USER_ID", "ORDER_PRICE") values(64, 'Daria Verbovetskaya', '052071807', 'Volga Street. 21',49.945282,36.295028,'IN WAREHOUS', '8285ca58-6f77-4e0a-9cae-da73f22d6de9', 'Notebook', 28,0);
INSERT INTO CLIENT_ORDER ("ORDER_ID","RECIPIENT_NAME","RECIPIENT_PHONE", "RECIPIENT_ADDRESS","LAT","LNG","STATUS","PAYMENT_CODE","PRODUCT_NAME", "USER_ID", "ORDER_PRICE") values(65, 'Evgenia Sirica', '004810170', 'st. Dostoevsky 89',49.944122,36.250739,'IN WAREHOUS', '2c29e14b-d957-42c2-9f76-c7bc7c1ef471', 'Condicioner', 27,0);
INSERT INTO CLIENT_ORDER ("ORDER_ID","RECIPIENT_NAME","RECIPIENT_PHONE", "RECIPIENT_ADDRESS","LAT","LNG","STATUS","PAYMENT_CODE","PRODUCT_NAME", "USER_ID", "ORDER_PRICE") values(66, 'Uriy Shpak', '062785871', 'Lysychanska street. 14',49.933019,36.256061,'IN WAREHOUS', '7e2c2500-8afc-456f-8814-4f8091bb940e', 'Boots', 20,0);
INSERT INTO CLIENT_ORDER ("ORDER_ID","RECIPIENT_NAME","RECIPIENT_PHONE", "RECIPIENT_ADDRESS","LAT","LNG","STATUS","PAYMENT_CODE","PRODUCT_NAME", "USER_ID", "ORDER_PRICE") values(67, 'Olga Gasanove', '023046344', 'st. Nechui Levitsky 31',49.928322,36.236749,'IN WAREHOUS', '275aeece-d837-4924-8dc5-97641207ff4b', 'Boots', 18,0);
INSERT INTO CLIENT_ORDER ("ORDER_ID","RECIPIENT_NAME","RECIPIENT_PHONE", "RECIPIENT_ADDRESS","LAT","LNG","STATUS","PAYMENT_CODE","PRODUCT_NAME", "USER_ID", "ORDER_PRICE") values(68, 'Daria Verbovetskaya', '014475610', 'st. Nechui Levitsky 22',49.927217,36.236835,'IN WAREHOUS', 'b7b873ae-cd31-4a7d-bd73-421344309131', 'Bycicle', 1,0);
INSERT INTO CLIENT_ORDER ("ORDER_ID","RECIPIENT_NAME","RECIPIENT_PHONE", "RECIPIENT_ADDRESS","LAT","LNG","STATUS","PAYMENT_CODE","PRODUCT_NAME", "USER_ID", "ORDER_PRICE") values(69, 'Oleksandr Grigoriev', '033784683', 'trans. Kikvidze 3',49.923902,36.230827,'IN WAREHOUS', '9fa5d7c1-e657-4d37-ba84-27e19e177486', 'Notebook', 35,0);
INSERT INTO CLIENT_ORDER ("ORDER_ID","RECIPIENT_NAME","RECIPIENT_PHONE", "RECIPIENT_ADDRESS","LAT","LNG","STATUS","PAYMENT_CODE","PRODUCT_NAME", "USER_ID", "ORDER_PRICE") values(70, 'Oleksandr Grigoriev', '072202352', 'Mineral Street. 30',49.937107,36.191945,'IN WAREHOUS', '0060466b-3424-42df-be18-295b4cb09fbe', ' Documents', 14,0);
INSERT INTO CLIENT_ORDER ("ORDER_ID","RECIPIENT_NAME","RECIPIENT_PHONE", "RECIPIENT_ADDRESS","LAT","LNG","STATUS","PAYMENT_CODE","PRODUCT_NAME", "USER_ID", "ORDER_PRICE") values(71, 'Ekaterina Gudanove', '048415881', 'st. Nekrasov 25',49.950363,36.180273,'IN WAREHOUS', '3ac93c70-50a5-4f61-b3f6-01ad8f63d289', 'Parfumes', 33,0);
INSERT INTO CLIENT_ORDER ("ORDER_ID","RECIPIENT_NAME","RECIPIENT_PHONE", "RECIPIENT_ADDRESS","LAT","LNG","STATUS","PAYMENT_CODE","PRODUCT_NAME", "USER_ID", "ORDER_PRICE") values(72, 'Sergey Shnurov', '033465410', 'Suharivska street. 41',49.965714,36.206923,'IN WAREHOUS', '0ae6679a-20ed-474a-8dcc-8521ce280b23', 'Parfumes', 23,0);
INSERT INTO CLIENT_ORDER ("ORDER_ID","RECIPIENT_NAME","RECIPIENT_PHONE", "RECIPIENT_ADDRESS","LAT","LNG","STATUS","PAYMENT_CODE","PRODUCT_NAME", "USER_ID", "ORDER_PRICE") values(73, 'Ivan Petrov', '045670215', 'st. Academic Bohomoltsia 2',49.966487,36.21954,'IN WAREHOUS', '71765066-9f2e-46f3-a486-5cef0285fda5', 'Condicioner', 6,0);
INSERT INTO CLIENT_ORDER ("ORDER_ID","RECIPIENT_NAME","RECIPIENT_PHONE", "RECIPIENT_ADDRESS","LAT","LNG","STATUS","PAYMENT_CODE","PRODUCT_NAME", "USER_ID", "ORDER_PRICE") values(74, 'Gena Nizhnik', '017154444', 'Kiev street. 15',49.972615,36.228466,'IN WAREHOUS', 'deb491ed-bc91-4038-8ef2-079fd40b0fe3', 'Bycicle', 13,0);
INSERT INTO CLIENT_ORDER ("ORDER_ID","RECIPIENT_NAME","RECIPIENT_PHONE", "RECIPIENT_ADDRESS","LAT","LNG","STATUS","PAYMENT_CODE","PRODUCT_NAME", "USER_ID", "ORDER_PRICE") values(75, 'Kulikov Bigdan', '073125520', 'Tsimlyanskoe lane. 10',49.971814,36.194606,'IN WAREHOUS', 'b2ee4117-7257-4393-aaae-f81ebc8d2e10', 'Parfumes', 0,0);
INSERT INTO CLIENT_ORDER ("ORDER_ID","RECIPIENT_NAME","RECIPIENT_PHONE", "RECIPIENT_ADDRESS","LAT","LNG","STATUS","PAYMENT_CODE","PRODUCT_NAME", "USER_ID", "ORDER_PRICE") values(76, 'Ludmila Antonova', '061438441', 'st. October Revolution 43',49.978438,36.222587,'IN WAREHOUS', '5faf2203-a4cc-458d-b681-5f0765120e78', ' IPad', 8,0);
INSERT INTO CLIENT_ORDER ("ORDER_ID","RECIPIENT_NAME","RECIPIENT_PHONE", "RECIPIENT_ADDRESS","LAT","LNG","STATUS","PAYMENT_CODE","PRODUCT_NAME", "USER_ID", "ORDER_PRICE") values(77, 'Georgiy Nash', '067733581', 'Elizabeth Street. 4',49.979653,36.240268,'IN WAREHOUS', '763c54df-9faa-432a-8ca3-76efe990b0a7', ' Documents', 13,0);
INSERT INTO CLIENT_ORDER ("ORDER_ID","RECIPIENT_NAME","RECIPIENT_PHONE", "RECIPIENT_ADDRESS","LAT","LNG","STATUS","PAYMENT_CODE","PRODUCT_NAME", "USER_ID", "ORDER_PRICE") values(78, 'Roma Truhanov', '015036347', 'st. Shota Rustaveli 27',49.98611,36.251769,'IN WAREHOUS', '9a112750-816d-48c5-bf03-da657c08fd36', ' Documents', 22,0);
INSERT INTO CLIENT_ORDER ("ORDER_ID","RECIPIENT_NAME","RECIPIENT_PHONE", "RECIPIENT_ADDRESS","LAT","LNG","STATUS","PAYMENT_CODE","PRODUCT_NAME", "USER_ID", "ORDER_PRICE") values(79, 'Ulia Safronova', '074575470', 'st. Melnikov 4',49.992235,36.238466,'IN WAREHOUS', '8760a1bb-46f8-41a8-9675-ae94e74f01ff', 'Bag', 32,0);
INSERT INTO CLIENT_ORDER ("ORDER_ID","RECIPIENT_NAME","RECIPIENT_PHONE", "RECIPIENT_ADDRESS","LAT","LNG","STATUS","PAYMENT_CODE","PRODUCT_NAME", "USER_ID", "ORDER_PRICE") values(80, 'Evgenia Sirica', '000863001', 'Tarasovskaya street. 17',49.983516,36.271596,'IN WAREHOUS', '231ca61e-c3cb-4903-a496-efe269a4a5d0', 'Post', 7,0);
INSERT INTO ADDRESS(ADDRESS_ID,ADDRESS_NAME,LAT,LNG,CLUSTER_ID,TIME,DISTANCE) values(1,'вул.Чоботарська, 19/1, Харків',49.991932,36.218886,1,'','')
INSERT INTO ADDRESS(ADDRESS_ID,ADDRESS_NAME,LAT,LNG,CLUSTER_ID,TIME,DISTANCE) values(2,'пров. Воробйова, 10,Харків',49.992592,36.235544,1,'23.0 mins','2.4 km')
INSERT INTO ADDRESS(ADDRESS_ID,ADDRESS_NAME,LAT,LNG,CLUSTER_ID,TIME,DISTANCE) values(3,'вул. Пушкінська, 34,Харків',49.996372,36.23902,1,'39.0 mins','2.9 km')
INSERT INTO ADDRESS(ADDRESS_ID,ADDRESS_NAME,LAT,LNG,CLUSTER_ID,TIME,DISTANCE) values(4,'вул. Труфанова, 10,Харків',50.003075,36.260113,1,'58.0 mins','5.5 km')
INSERT INTO ADDRESS(ADDRESS_ID,ADDRESS_NAME,LAT,LNG,CLUSTER_ID,TIME,DISTANCE) values(5,'5.Барнаульська вул., 11,Харків',50.009254,36.267666,1,'77.0 mins','6.8 km')
INSERT INTO ADDRESS(ADDRESS_ID,ADDRESS_NAME,LAT,LNG,CLUSTER_ID,TIME,DISTANCE) values(6,'Беезівський вїзд, 14,Харків',50.017858,36.269383,1,'97.0 mins','9.2 km')
INSERT INTO ADDRESS(ADDRESS_ID,ADDRESS_NAME,LAT,LNG,CLUSTER_ID,TIME,DISTANCE) values(7,'Сочинська вул., 82,Харків',50.007157,36.172394,1,'130.0 mins','19.0 km')
INSERT INTO ADDRESS(ADDRESS_ID,ADDRESS_NAME,LAT,LNG,CLUSTER_ID,TIME,DISTANCE) values(8,'Рельєфна вул., 4,Харків',50.00975,36.175141,1,'146.0 mins','19.5 km')
INSERT INTO ADDRESS(ADDRESS_ID,ADDRESS_NAME,LAT,LNG,CLUSTER_ID,TIME,DISTANCE) values(9,'Варшавський пров., 16,Харків',49.993034,36.172051,1,'165.0 mins','21.6 km')
INSERT INTO ADDRESS(ADDRESS_ID,ADDRESS_NAME,LAT,LNG,CLUSTER_ID,TIME,DISTANCE) values(10,'Планова вул., 58,Харків',49.969963,36.190676,1,'187.0 mins','25.0 km')
INSERT INTO ADDRESS(ADDRESS_ID,ADDRESS_NAME,LAT,LNG,CLUSTER_ID,TIME,DISTANCE) values(11,'Київська вул., 10,Харків',49.973717,36.227927,1,'210.0 mins','29.3 km')
INSERT INTO ADDRESS(ADDRESS_ID,ADDRESS_NAME,LAT,LNG,CLUSTER_ID,TIME,DISTANCE) values(12,'вул. 1-ї Кінної Армії, 11,Харків',49.975097,36.247668,1,'229.0 mins','31.1 km')
INSERT INTO ADDRESS(ADDRESS_ID,ADDRESS_NAME,LAT,LNG,CLUSTER_ID,TIME,DISTANCE) values(13,'Новоолександрівська вул., 93,Харків',50.015448,36.281099,1,'258.0 mins','38.6 km')
INSERT INTO ADDRESS(ADDRESS_ID,ADDRESS_NAME,LAT,LNG,CLUSTER_ID,TIME,DISTANCE) values(14,'вул. Чкалова, 17,Харків',50.042686,36.284876,1,'281.0 mins','43.7 km')
INSERT INTO ADDRESS(ADDRESS_ID,ADDRESS_NAME,LAT,LNG,CLUSTER_ID,TIME,DISTANCE) values(15,'2-й Лісопарківський пров., 13,Харків',50.037394,36.284275,1,'298.0 mins','44.5 km')
INSERT INTO ADDRESS(ADDRESS_ID,ADDRESS_NAME,LAT,LNG,CLUSTER_ID,TIME,DISTANCE) values(16,'просп. Перемоги, 72В,Харків',50.063269,36.20986,1,'322.0 mins','58.0 km')
INSERT INTO ADDRESS(ADDRESS_ID,ADDRESS_NAME,LAT,LNG,CLUSTER_ID,TIME,DISTANCE) values(17,'просп. Перемоги, 66Б,Харків',50.059963,36.209259,1,'342.0 mins','59.7 km')
INSERT INTO ADDRESS(ADDRESS_ID,ADDRESS_NAME,LAT,LNG,CLUSTER_ID,TIME,DISTANCE) values(18,'просп. Перемоги, 62Е,Харків',50.060129,36.206941,1,'358.0 mins','60.2 km')
INSERT INTO ADDRESS(ADDRESS_ID,ADDRESS_NAME,LAT,LNG,CLUSTER_ID,TIME,DISTANCE) values(19,'просп. Людвіга Свободи, 53,Харків',50.059082,36.19638,1,'382.0 mins','64.2 km')
INSERT INTO ADDRESS(ADDRESS_ID,ADDRESS_NAME,LAT,LNG,CLUSTER_ID,TIME,DISTANCE) values(20,'Цілиноградська вул., 44,Харків',50.048115,36.203079,1,'403.0 mins','66.7 km')
INSERT INTO ADDRESS(ADDRESS_ID,ADDRESS_NAME,LAT,LNG,CLUSTER_ID,TIME,DISTANCE) values(21,'Армійська вул., 76,Харків',50.046572,36.200332,1,'419.0 mins','67.10000000000001 km')
INSERT INTO ADDRESS(ADDRESS_ID,ADDRESS_NAME,LAT,LNG,CLUSTER_ID,TIME,DISTANCE) values(22,'Червонозірська вул., 5,Харків',50.04139,36.197586,1,'436.0 mins','67.9 km')
INSERT INTO ADDRESS(ADDRESS_ID,ADDRESS_NAME,LAT,LNG,CLUSTER_ID,TIME,DISTANCE) values(23,'Сухумська вул., 5,Харків',50.007102,36.21634,1,'459.0 mins','72.4 km')
INSERT INTO ADDRESS(ADDRESS_ID,ADDRESS_NAME,LAT,LNG,CLUSTER_ID,TIME,DISTANCE) values(24,'вул. Данилевського, 39,Харків',50.004565,36.220202,1,'479.0 mins','74.10000000000001 km')
INSERT INTO ADDRESS(ADDRESS_ID,ADDRESS_NAME,LAT,LNG,CLUSTER_ID,TIME,DISTANCE) values(25,'вул. Коцюбинського, 13,Харків',50.01692,36.217627,1,'497.0 mins','75.80000000000001 km')
INSERT INTO ADDRESS(ADDRESS_ID,ADDRESS_NAME,LAT,LNG,CLUSTER_ID,TIME,DISTANCE) values(26,'Кузнецька вул., 30,Харків',50.035602,36.209087,1,'519.0 mins','79.50000000000001 km')
INSERT INTO ADDRESS(ADDRESS_ID,ADDRESS_NAME,LAT,LNG,CLUSTER_ID,TIME,DISTANCE) values(27,'вул.Чоботарська, 19/1, Харків',49.991932,36.218886,2,'','')
INSERT INTO ADDRESS(ADDRESS_ID,ADDRESS_NAME,LAT,LNG,CLUSTER_ID,TIME,DISTANCE) values(28,'вул. Молодої Гвардії, 3,Харків',49.975815,36.268525,2,'26.0 mins','5.5 km')
INSERT INTO ADDRESS(ADDRESS_ID,ADDRESS_NAME,LAT,LNG,CLUSTER_ID,TIME,DISTANCE) values(29,'вул. Героїв Праці, 12Б,Харків',50.02398,36.329338,2,'58.0 mins','14.0 km')
INSERT INTO ADDRESS(ADDRESS_ID,ADDRESS_NAME,LAT,LNG,CLUSTER_ID,TIME,DISTANCE) values(30,'вул. Героїв Праці, 32Б,Харків',50.020395,36.340582,2,'77.0 mins','15.4 km')
INSERT INTO ADDRESS(ADDRESS_ID,ADDRESS_NAME,LAT,LNG,CLUSTER_ID,TIME,DISTANCE) values(31,'вул. Гвардійців-Широнінців, 50Б,Харків',50.023759,36.352856,2,'93.0 mins','16.3 km')
INSERT INTO ADDRESS(ADDRESS_ID,ADDRESS_NAME,LAT,LNG,CLUSTER_ID,TIME,DISTANCE) values(32,'просп. Тракторобудівників, 103Г,Харків',50.023428,36.35955,2,'112.0 mins','18.3 km')
INSERT INTO ADDRESS(ADDRESS_ID,ADDRESS_NAME,LAT,LNG,CLUSTER_ID,TIME,DISTANCE) values(33,'вул. Блюхера, 22Б,Харків',50.013738,36.335001,2,'133.0 mins','21.1 km')
INSERT INTO ADDRESS(ADDRESS_ID,ADDRESS_NAME,LAT,LNG,CLUSTER_ID,TIME,DISTANCE) values(34,'просп. Тракторобудівників, 118Б,Харків',50.001768,36.345386,2,'156.0 mins','24.0 km')
INSERT INTO ADDRESS(ADDRESS_ID,ADDRESS_NAME,LAT,LNG,CLUSTER_ID,TIME,DISTANCE) values(35,'вул. Гвардійців-Широнінців, 42Б,Харків',50.015999,36.347189,2,'181.0 mins','27.4 km')
INSERT INTO ADDRESS(ADDRESS_ID,ADDRESS_NAME,LAT,LNG,CLUSTER_ID,TIME,DISTANCE) values(36,'вул. Тимурівців, 56/13,Харків',49.999892,36.352253,2,'202.0 mins','30.9 km')
INSERT INTO ADDRESS(ADDRESS_ID,ADDRESS_NAME,LAT,LNG,CLUSTER_ID,TIME,DISTANCE) values(37,'вул. Героїв Праці, 47Е,Харків',50.017819,36.367788,2,'221.0 mins','33.6 km')
INSERT INTO ADDRESS(ADDRESS_ID,ADDRESS_NAME,LAT,LNG,CLUSTER_ID,TIME,DISTANCE) values(38,'вул. Старова, 103,Харків',50.033204,36.302299,2,'247.0 mins','39.1 km')
INSERT INTO ADDRESS(ADDRESS_ID,ADDRESS_NAME,LAT,LNG,CLUSTER_ID,TIME,DISTANCE) values(39,'Саперна вул., 31,Харків',50.02973,36.299038,2,'265.0 mins','39.7 km')
INSERT INTO ADDRESS(ADDRESS_ID,ADDRESS_NAME,LAT,LNG,CLUSTER_ID,TIME,DISTANCE) values(40,'вул. Гризодубової, 57г,Харків',50.056933,36.310711,2,'286.0 mins','43.300000000000004 km')
INSERT INTO ADDRESS(ADDRESS_ID,ADDRESS_NAME,LAT,LNG,CLUSTER_ID,TIME,DISTANCE) values(41,'вул. Тевелєва, 37,Харків',50.000526,36.319809,2,'315.0 mins','52.60000000000001 km')
INSERT INTO ADDRESS(ADDRESS_ID,ADDRESS_NAME,LAT,LNG,CLUSTER_ID,TIME,DISTANCE) values(42,'просп. Тракторобудівників, 77А,Харків',50.002844,36.336288,2,'335.0 mins','54.400000000000006 km')
INSERT INTO ADDRESS(ADDRESS_ID,ADDRESS_NAME,LAT,LNG,CLUSTER_ID,TIME,DISTANCE) values(43,'Проектна вул., 16,Харків',49.973728,36.338261,2,'360.0 mins','58.800000000000004 km')
INSERT INTO ADDRESS(ADDRESS_ID,ADDRESS_NAME,LAT,LNG,CLUSTER_ID,TIME,DISTANCE) values(44,'Моторна вул., 11,Харків',49.967324,36.339291,2,'378.0 mins','60.00000000000001 km')
INSERT INTO ADDRESS(ADDRESS_ID,ADDRESS_NAME,LAT,LNG,CLUSTER_ID,TIME,DISTANCE) values(45,'Яблунева вул., 3,Харків',49.966109,36.340149,2,'394.0 mins','60.20000000000001 km')
INSERT INTO ADDRESS(ADDRESS_ID,ADDRESS_NAME,LAT,LNG,CLUSTER_ID,TIME,DISTANCE) values(46,'вул. Рибалка, 8,Харків',49.957275,36.334484,2,'419.0 mins','65.70000000000002 km')
INSERT INTO ADDRESS(ADDRESS_ID,ADDRESS_NAME,LAT,LNG,CLUSTER_ID,TIME,DISTANCE) values(47,'вул. Танкопія, 11-2,Харків',49.957165,36.320923,2,'438.0 mins','67.90000000000002 km')
INSERT INTO ADDRESS(ADDRESS_ID,ADDRESS_NAME,LAT,LNG,CLUSTER_ID,TIME,DISTANCE) values(48,'Садовий пр., 18А,Харків',49.948044,36.307388,2,'457.0 mins','69.80000000000003 km')
INSERT INTO ADDRESS(ADDRESS_ID,ADDRESS_NAME,LAT,LNG,CLUSTER_ID,TIME,DISTANCE) values(49,'бул. Богдана Хмельницького, 11,Харків',49.951753,36.347616,2,'480.0 mins','73.90000000000002 km')
INSERT INTO ADDRESS(ADDRESS_ID,ADDRESS_NAME,LAT,LNG,CLUSTER_ID,TIME,DISTANCE) values(50,'Пятигорський пров., 5,Харків',49.954017,36.352079,2,'497.0 mins','74.80000000000003 km')
INSERT INTO ADDRESS(ADDRESS_ID,ADDRESS_NAME,LAT,LNG,CLUSTER_ID,TIME,DISTANCE) values(51,'бул. Богдана Хмельницького, 10,Харків',49.956668,36.350191,2,'517.0 mins','76.40000000000002 km')
INSERT INTO ADDRESS(ADDRESS_ID,ADDRESS_NAME,LAT,LNG,CLUSTER_ID,TIME,DISTANCE) values(52,'Високогірна вул., 12,Харків',49.973885,36.358886,2,'541.0 mins','80.20000000000002 km')
INSERT INTO ADDRESS(ADDRESS_ID,ADDRESS_NAME,LAT,LNG,CLUSTER_ID,TIME,DISTANCE) values(53,'Салтівське ш., 250А,Харків',49.986689,36.355281,2,'561.0 mins','82.20000000000002 km')
